segment_id,language,language_code,channel,style,emotion_tag,duration_s,mean_dbfs,qc_status,transcript
en_01_seg000,indian_english,en-IN,The Seen and the Unseen,conversational_podcast,conversational,25.0,-16.9,passed,"The more I read and travel, the more I realized that the world is changing all the time, and everything around us is recent. 
We look at Falana and we look at Dimkana, and it feels like they've been around forever, but no, both Falana and Dimkana were born yesterday. 
Both Falana and Dimkana did not exist two days ago. 
In fact, they would have seemed real."
en_01_seg001,indian_english,en-IN,The Seen and the Unseen,conversational_podcast,questioning,25.0,-16.7,passed,"radical, even ridiculous as a conception. Look at law firms for example. The landscape of law in India today, especially corporate law, is centuries removed from how it looked 30 years ago. Today's episode is about the one firm that changed everything. It was founded 26 years ago, adopting a partnership model that was new to India and would have felt so out of place. Today, Trilegal is perhaps the biggest law firm in the country."
en_01_seg002,indian_english,en-IN,The Seen and the Unseen,conversational_podcast,conversational,25.0,-17.8,passed,"And this episode is not just about law, it's about appending the status quo, it's about leadership and trust. 
It's about companies and people and ecosystems, it's about a changing India. 
And my guest today is one of the founders of this firm, a fine lawyer, a good human being, a clear thinker, India's best Jaitley. 

Welcome to the scene and the unseen, our weekly podcast on economics, politics."
en_01_seg003,indian_english,en-IN,The Seen and the Unseen,conversational_podcast,formal,25.0,-17.5,passed,"and behavioral science. Please welcome your host, Amit Varma. 

Welcome to the scene and the unseen. My guest today is Akshay Jaitley, a founder of Tri Legal, who now also runs Trustpage, which he talks about in this episode. Akshay's been on the show before to discuss his life and to discuss his ideas around policy. I invited him back now to discuss his new ."
en_01_seg004,indian_english,en-IN,The Seen and the Unseen,conversational_podcast,questioning,25.22,-16.7,passed,"an excellent book, Trilegal, which chronicles how this extraordinary firm was set up and how it succeeded. In the space of 2 and a half decades, Trilegal disrupted and then dominated the Indian legal space. And I've found the story of how it happened to be super insightful, not just for those interested in law, but for anyone interested in how companies work and how incentives can be aligned through designing structure."
en_01_seg005,indian_english,en-IN,The Seen and the Unseen,conversational_podcast,conversational,25.0,-19.6,passed,"Much fun came, you must buy the book, you must listen to this episode, but first, I must take a commercial break. Have you always wanted to be a writer but never quite gotten down to it? Well, I'd love to help you. Since April 2020, I've enjoyed teaching 27 cohorts of my online course, the art of clear writing, and an online community has now sprung up of all my past students."
en_01_seg006,indian_english,en-IN,The Seen and the Unseen,conversational_podcast,conversational,25.0,-21.3,passed,"We have workshops and newsletter to showcase the work of students and vibrant community interaction. In the course itself, through 4 webinars spread over 4 weekends, I share all I know about the craft and practice of clear writing. There are many exercises, much interaction, and a lovely and lively community at the end of it. The course costs ₹10000 plus GST or about $150. If you're interested, head on over to register at indiauncut.com/clear."
en_01_seg007,indian_english,en-IN,The Seen and the Unseen,conversational_podcast,conversational,25.0,-20.6,passed,"writing. That's India uncut.com/clear writing. Being a good writer doesn't require God given talent, just a willingness to work hard and a clear idea of what you need to do to refine your skills. I can help you. 
Akshay, welcome back to the scene and the unseen. Thanks Amit, good to be back. 
So I think we last recorded in 2022 if memory serves me right."
en_01_seg008,indian_english,en-IN,The Seen and the Unseen,conversational_podcast,conversational,25.0,-17.3,passed,"So it's like 3 and a half years at least. What have you been up to in the meantime? Oh, uh, I've been up to quite a lot. It feels like I've started a new career almost. Uh, rejoined Trilegal, which is the firm that I helped to start in the year 2000. Uh, we started an organization called Trustbridge along with Karan Singh, who was one of the founders of Trilegal as well. We co-founded it."
en_01_seg009,indian_english,en-IN,The Seen and the Unseen,conversational_podcast,questioning,25.0,-17.1,passed,"and a common friend Renuka Sane came on to lead the organization and Trustbridge works on rule of law as it relates to the economy. The idea being that economic reform is all well and good, but you have to do it in accordance with the principles of the rule of law. Otherwise, you know, you're trying to fix the symptoms of problems and not going to root causes. And the idea is how do you, how do you show through evidence"
en_01_seg010,indian_english,en-IN,The Seen and the Unseen,conversational_podcast,motivational,25.0,-17.0,passed,"through interdisciplinary research with law economics and data that doing the right thing in terms of rule of law is also good for the economy. And sometimes you have to encourage people to take a slightly medium term, longer term view, but sometimes you can almost show that, you know, results can be pretty immediate. So our focus is trying to work with the regulatory state since about 75% of the economy is under some regulation."
en_01_seg011,indian_english,en-IN,The Seen and the Unseen,conversational_podcast,formal,25.0,-17.4,passed,"regulator or the other. And the and regulators function in a very different way compared to many other kinds of organizations. So, you know, that's that's the focus of what Trustbridge is doing. We've grown to about 25 people. And I'm also doing sort of lots of policy work on my own as well. Let's double click on that a bit. Like when you talk about the principles of the rule of law, like this was something that I was going to explore anyway while talking about a journey as a lawyer, my memory is so poor."
en_01_seg012,indian_english,en-IN,The Seen and the Unseen,conversational_podcast,questioning,25.0,-16.8,passed,"Sure, I've forgotten if we brought it up in our last episode, but the question that often intrigues me is that at one level when you're a lawyer, what you're really engaged with is understanding the law and figuring out how to navigate it on behalf of your clients and how to optimize for the client according to what the law is. But at another level, there's perhaps a part of your brain which is thinking, which is asking the normative question, what should the law be? And, you know, getting a little meta and all of that. And I wondered,"
en_01_seg013,indian_english,en-IN,The Seen and the Unseen,conversational_podcast,questioning,25.0,-17.2,passed,"that as you, as one progresses down one's journey as a lawyer, do you sort of lose sight of the bigger questions? And in this case, it would seem that your founding perspirage is actually centered around the bigger questions. What should the law be like? Like, where is our law and where is our policy ecosystem deviating from what you call the principles of the rule of law? So just elaborate on that for me. How do you understand the rule of law?"
en_01_seg014,indian_english,en-IN,The Seen and the Unseen,conversational_podcast,conversational,25.0,-17.4,passed,"So Flog, what do you mean by the principles of the rule of? I think that actually it's I've seen this happen in the reverse way with many people, which is that when you're younger, you're dealing with the tools of the trade, which is the law, and as you said, you're fashioning solutions for clients around what the law is because that's what those are the cards that you've been dealt. But for me in particular, and I think for many people, if you work in a field of law where they"
en_01_seg015,indian_english,en-IN,The Seen and the Unseen,conversational_podcast,formal,25.0,-17.3,passed,There is a lot of policy implication and energy and infrastructure. My area of practice is full of policy. You sort of realize that what you're doing very often is the quote unquote law that you're structuring around or you're helping your clients work with isn't the optimal version of itself and it could be a lot better and I would much rather not be charging clients.
en_01_seg016,indian_english,en-IN,The Seen and the Unseen,conversational_podcast,questioning,25.0,-17.1,passed,"to structure around what exists, I'd much rather be doing more and more transactions which I'm convinced would happen if the law was easier to navigate. So that's the  that's the sort of I think a lot of lawyers and it comes through pattern recognition. So a lot of lawyers recognize these patterns over the hundreds of transactions they do and they say okay, why am I doing some of the stuff that I'm doing? Could the system itself be better? And that's why you'll see"
en_01_seg017,indian_english,en-IN,The Seen and the Unseen,conversational_podcast,formal,25.0,-17.2,passed,"See a lot of lawyers as they become more senior, they start doing policy related work. So, uh, most people tend to do it in their individual capacity, but some people will, you know, do it in a more structured institutional sense and that's what, that's what Trustbridge is about. Uh, by rule of law it is, it's what, what you mean is that if the law says something, then you should do, do whatever it is that you want to do in accordance."
en_01_seg018,indian_english,en-IN,The Seen and the Unseen,conversational_podcast,conversational,25.0,-17.2,passed,"with that. That's the very fundamental understanding. So, it but it embodies within it the ideas of predictability, of transparency, of accessibility. You have to know what the law is. It has to be available for you to be able to follow it. I know there's this presumption in most common law countries that ignorance of the law is not an excuse. But what is causing that ignorance? Is the law freely available?"
en_01_seg019,indian_english,en-IN,The Seen and the Unseen,conversational_podcast,questioning,25.0,-17.0,passed,"so that, you know, people have, have they chosen to avoid knowing about the law? Is it just hard for them to know? And in our country where we have statutes, we have the constitution above everything else. Then we've got statutes, below that you've got policies, guidelines, they have notifications, you have office orders, you have memos, and sometimes these are not accessible and even on the websites of the organizations that are issuing them. So then to ask"
en_01_seg020,indian_english,en-IN,The Seen and the Unseen,conversational_podcast,conversational,25.0,-17.3,passed,ask a citizen or a corporation to follow that is in some sense against the rule of law because you don't know what the law is. So it's all of these elements which lend themselves to a better functioning economies. That's the sort of principle behind what we're doing. And does good law emerge from the bottom up or from the top down? Like from the top down it can come from a set of higher principles and then from that you arrive at what the law should be from.
en_01_seg021,indian_english,en-IN,The Seen and the Unseen,conversational_podcast,motivational,25.0,-17.3,passed,"from some greater notion of individual rights and autonomy and the state's role and all that, or you can arrive at it from the bottom up by thinking about what works, uh, you know, for a stable society or a prosperous society or whatever. What is therefore the correct way to think about it?"
en_01_seg022,indian_english,en-IN,The Seen and the Unseen,conversational_podcast,conversational,25.0,-17.4,passed,"more consistent if it doesn't have a set of principles or values top down guiding it. But I think the expression of those values in any particular society or in any country, I think should be dictated from by what's coming from the bottom up. So the manner in which you implement those values should necessarily differ in you know, they won't."
en_01_seg023,indian_english,en-IN,The Seen and the Unseen,conversational_podcast,motivational,25.0,-17.3,passed,"don't apply in the same way in Sweden as they would in India. Uh, and there is a, there's a, there are political economies in India which have to be dealt with. And you can either look to change the political economy and then implement a law, or you can look at taking the political economy as, as given and then saying okay, what is the, what is the version of those principles that would fit within this political economy. You might never"
en_01_seg024,indian_english,en-IN,The Seen and the Unseen,conversational_podcast,questioning,25.0,-17.0,passed,"never get a perfect answer, but I think you have to be thinking of both to get a law which is both sustainable in principle as well as in practice. So I think both are both are critical. You mentioned about how the task of persuading people to make their laws better is also demonstrating that it's good for the economy in the long run. And I agree with you that a good strong rule of law will always be good for the economy."
en_01_seg025,indian_english,en-IN,The Seen and the Unseen,conversational_podcast,questioning,25.0,-16.9,passed,"economy and society in the long run. But, um, you know, as a hypothetical, what if it wasn't? You know, would you still try to push your notion of what a rule of law would be even if it doesn't necessarily, even if you can't necessarily show good outcomes down the road, or do there always have to be good outcomes predicated on it, in which case you could say that you're actually looking at it the wrong way around and you could actually define the rule of law."
en_01_seg026,indian_english,en-IN,The Seen and the Unseen,conversational_podcast,formal,25.0,-17.7,passed,"According to what leads to good outcomes or economic growth? That's, it's a good question, but I think, I think that I would, the way I would look at it is to say that I don't necessarily want the best possible outcome, but I want the predictability and I want the consistency and I want everyone to be equal in front of the law. If that would take me,"
en_01_seg027,indian_english,en-IN,The Seen and the Unseen,conversational_podcast,motivational,25.0,-17.4,passed,"get, you know, us having the second best good option, then I would probably accept that because if what is to say that you would actually achieve the best outcome by not following the rule of law. And in whose eyes is that the best option? So, I would sort of think of it as the process sifting out the best option rather than you predetermining what the"
en_01_seg028,indian_english,en-IN,The Seen and the Unseen,conversational_podcast,conversational,26.26,-17.4,passed,"the best option. That's some form of central planning in some ways. To say I think this is the best option, but if you say that oh look, most human beings would want to be governed by a set of principles which would look somewhat like the following and that being the principles of the rule of law, then the outcomes that you get out of that will generally be good. They may not be the best, but then you will have fulfilled another very important objective of society, which is to be fair."
en_01_seg029,indian_english,en-IN,The Seen and the Unseen,conversational_podcast,questioning,25.0,-17.4,passed,"So,  rule of law after all is about being fair. So society needs to be fair and it needs to be as efficient as possible. I tend to believe that fairness in the long term will lead to efficiency, but if it leads to the second best option of efficiency, I'm happy with that.
And how much when you think about laws in India, how much of a part dependence does the constitution have? Because the constitution was made at one point in time."
en_01_seg030,indian_english,en-IN,The Seen and the Unseen,conversational_podcast,questioning,25.0,-17.0,passed,"in time, and once it is there, it is there, and therefore, uh, you know, change can only come through amendments in the constitution, which is really a political process and not really, uh, you know, often not subject to intellectual discourse. So, um, how much of an issue is that like before the before we started offline, you were talking about perhaps a future book of yours on alcohol laws, for example, where"
en_01_seg031,indian_english,en-IN,The Seen and the Unseen,conversational_podcast,questioning,25.0,-16.8,passed,"you know, the last version of our directive principles happened to have that added in, whereas the previous one didn't, and as you wisely pointed out that Gandhiji had been assassinated in between those two, so maybe that's why they put it in. You were speculating. I hope I'm not giving away things I'm not supposed to. Yeah. But, you know, and that strikes me as one example of how a small decision in the constitution can have part dependence many."
en_01_seg032,indian_english,en-IN,The Seen and the Unseen,conversational_podcast,questioning,25.0,-17.0,passed,"many years down the line and there are good things in our constitution, but there are also bad things in our constitution. So, you know, how do you think of that? Is it like a huge constraint you have to keep in mind or are there ways around it? I think it probably feels like a bigger constraint than it is because our courts have regularly interpreted the constitution and various other laws in ways that they wanted to in any way."
en_01_seg033,indian_english,en-IN,The Seen and the Unseen,conversational_podcast,motivational,25.0,-17.3,passed,"In order to achieve a certain outcome and often very often that outcome was fairness of some kind. So, in any legal system, the you can't take away the take out the human element, the judge out of the system. And if the judge, the judge is in some ways an embodiment of the popular morality as well on an issue at a particular point in time. The judge wasn't there when the constitution was written either. So,"
en_01_seg034,indian_english,en-IN,The Seen and the Unseen,conversational_podcast,conversational,25.0,-17.2,passed,"So the constitution might say something, but if it is felt that for various set of reasons, an alternative or a slightly tweaked explanation of the constitution will lead to what is quote unquote the right outcome in the eyes of the judge, the judge will find a way to come out with a decision that will say that either distinguish a previous decision on the facts, even though it's on the same constitutional provision or it"
en_01_seg035,indian_english,en-IN,The Seen and the Unseen,conversational_podcast,motivational,25.0,-17.1,passed,"it'll in some cases, it'll actually say the times have changed. Uh, like, you know, certain provisions of the law have been read down, homosexuality for example. Uh, so, you know, things can, things can change and in fact they should change because the popular, the what is the constitution is not, I'm sort of quite against the US kind of view is which is that the constitution was written once and you can never change it, change it again because the"
en_01_seg036,indian_english,en-IN,The Seen and the Unseen,conversational_podcast,conversational,25.0,-17.4,passed,"The context, especially of the US Constitution, was so particular in the context of slavery, just having run away from a repressive religious regime in Europe, all sorts of things. So the expression of the morality of the time is what the US Constitution is, and that has changed over time, and likewise for our Constitution. So it should be a living document, it should change."
en_01_seg037,indian_english,en-IN,The Seen and the Unseen,conversational_podcast,questioning,25.0,-17.0,passed,"But we should know why we are changing it and you know, it shouldn't be purely on political basis as you suggested in the beginning. Yeah, but if you're if reflecting public morality as an individual judge may be doing, if reflecting public morality is part of you know, what you should aim for, then that can lead us to some very strange directions depending on the temper of the times. No, absolutely."
en_01_seg038,indian_english,en-IN,The Seen and the Unseen,conversational_podcast,emphatic,25.0,-17.4,passed,"Absolutely. So that's it, it is a double-edged sword, and it doesn't mean that you reflect every version of the public morality, but and and you don't sort of throw out freedom of expression because public morality is against it, but you might temper the freedom of expression in a certain way, uh, which I might not personally agree with, but it might be a more sustainable interpretation of the constitution today as far as law and order etcetera is concerned."
en_01_seg039,indian_english,en-IN,The Seen and the Unseen,conversational_podcast,motivational,25.0,-17.2,passed,"One of the biggest fights I remember having with my father was when Satanic Verses came out and it was banned. And my father who was an absolute liberal said yes, he was agreed with the fact that it had been banned. And I couldn't believe he'd said that and I sort of took him up on that. And he turned around and ultimately said I'm an administrator, there will be blood on the streets tomorrow."
en_01_seg040,indian_english,en-IN,The Seen and the Unseen,conversational_podcast,motivational,25.0,-17.5,passed,"tomorrow. So should I care about that or should I care about the principle? Now, I would still argue that one should care about the principle and I know that he did as well, but you can see that practical dilemma in the eyes of the administrator and therefore in the eyes of the judge, and it would be foolish to expect that that will not color decisions as a matter of fact rather than as a normative principle."
en_01_seg041,indian_english,en-IN,The Seen and the Unseen,conversational_podcast,excited,25.0,-17.0,passed,"Yeah, you know, I'm fully with you on upholding the principle over the blood on the streets argument, which is a very Bob Dylan-ish argument. Are you into I mean blood on the tracks? Yes, of course. I I once in the summer of 1987, summer holidays, I listened to blood on the tracks back to back for about a month. Wow. Morning to evening. Whenever I was in the house because"
en_01_seg042,indian_english,en-IN,The Seen and the Unseen,conversational_podcast,conversational,25.0,-16.8,passed,"because I discovered it in my parents' record collection, it had never been played in front of me, and I discovered it and to me it's just one of the best pieces of music of all time. Masterpiece, simple twist of fate, up to me, etcetera, etcetera. Every song, every song. Yeah, yeah, yeah. I can, if we start swapping lyrics back and forth, this will never end. So, you know, not to, not to delay our much awaited, at least much awaited."
en_01_seg043,indian_english,en-IN,The Seen and the Unseen,conversational_podcast,questioning,25.0,-17.1,passed,"evaded by me incursion into talking about trilegal, but just to stick on stay on this subject for a moment, you know, can you give me an example of the kind of areas in which trust which therefore works? Like what is it that is an example of a bad law that you're trying to change and what are you trying to change it to and what does that landscape look like? Let me let me focus on the work that we're doing with regulators because as I said, you know, they're a very important"
en_01_seg044,indian_english,en-IN,The Seen and the Unseen,conversational_podcast,questioning,25.0,-17.3,passed,"important part of our rule making and adjudicatory landscape. In fact, the reason why regulators are particularly interesting and important is because it's one of the few places within the life of our country where the idea of separation of powers is deliberately violated. So a regulator makes law, a regulator implements it and a regulator adjudicates on it."
en_01_seg045,indian_english,en-IN,The Seen and the Unseen,conversational_podcast,questioning,25.0,-17.3,passed,"So the way in which a regulator functions is very important, not just because the subject matter what they're regulating  being important for the economy, but because of the fact that the rule of law isn't being or rather the separation of powers isn't being followed in the way that it normally would be. 
So  so the way in which we look at how regulators function has to be sort of different. 
 and one of the questions"
en_01_seg046,indian_english,en-IN,The Seen and the Unseen,conversational_podcast,questioning,25.34,-17.8,passed,"questions we ask ourselves is how do you evaluate the performance of a regulator? How do we know whether a regulator is doing well or not? Uh, and if we were to focus on the adjudicatory part, which is a very important one because it implicates the lives of many companies. Uh, we said okay, let's look at the orders that a regulator passes and we looked at we've looked at a few different regulators and we're going to continue to look at"
en_01_seg047,indian_english,en-IN,The Seen and the Unseen,conversational_podcast,conversational,25.0,-17.3,passed,"More and more, but the methodology that we've developed is to say, okay, we will use AI to study the quality or rather the regulatory orders based on the statute itself will require that a regulatory order on a certain issue contain within us certain elements to make up, which make up the offense that is being."
en_01_seg048,indian_english,en-IN,The Seen and the Unseen,conversational_podcast,motivational,25.0,-17.6,passed,"claimed. So, for instance,  as far as SEBI is concerned, SEBI requires four elements to make up an insider trading case. Are those four elements there? Have they been expressed in the proper fashion? That's a question that you can get train an AI to ask of the universe of all regulatory orders on insider trading. Based on that, then you look at what happens in those matters. In matters in which"
en_01_seg049,indian_english,en-IN,The Seen and the Unseen,conversational_podcast,questioning,25.0,-17.4,passed,"the regulator loses, is that being appealed? How many of those matters are being appealed and how many of those appeals is the regulator losing? So, so you can you then get a metric of how good the quality of the order is based on how successful they ultimately are and the appeal could go to the pellet body of the regulator or to the Supreme Court of India. So and we've looked we've used this methodology for electricity sector regulation."
en_01_seg050,indian_english,en-IN,The Seen and the Unseen,conversational_podcast,questioning,25.0,-17.1,passed,"regulators, we've used it for SEBI's certain kinds of SEBI orders. And we've developed a methodology that will which you can then use for any regulator. And we've written detailed manuals on how to do this, how to extract the key elements of an order, how to translate that into into metrics, how to evaluate those metrics, etc. So that gives a very objective kind of way of saying this is working, this is not working, and you'll you'll"
en_01_seg051,indian_english,en-IN,The Seen and the Unseen,conversational_podcast,questioning,25.0,-17.5,passed,"to be able to see why it's not working. So it could be because procedure wasn't followed. It could be because there was an error of law made or that precedent wasn't followed, etcetera. So that's one important area of work that we're doing. We're also looking at the power sector inevitably because that's an area of deep interest for me. So we're looking at, you know, if we were to, what is the pathway to reforming the power sector? Last time we spoke"
en_01_seg052,indian_english,en-IN,The Seen and the Unseen,conversational_podcast,questioning,25.0,-17.1,passed,"When Ajay Shah was also here, we were talking about a big paper that we'd written on big principles of reform. We're looking now at how do we break some of those things down into different elements of reform, which as we were discussing earlier, the principles that we are using is that regulation should be correcting for market failure. But in the real world, how do we get, how do we implement the right thing?"
en_01_seg053,indian_english,en-IN,The Seen and the Unseen,conversational_podcast,conversational,25.0,-17.4,passed,"quote unquote, over a period of time given the realities of the political economy. So that's another sort of part of the work that Trustbridge is doing. I'll of course link our past episode from the show notes as well as everything is everything episodes that we did on regulation, on the rule of law, all of those things. You know, a lot of the stuff that you're doing at Trustbridge is something that will never be visible to the public. It's not in many ways,"
en_01_seg054,indian_english,en-IN,The Seen and the Unseen,conversational_podcast,questioning,25.0,-16.9,passed,"You're playing a long game, uh, the work you do is not measurable immediately, it'll never be attributable perhaps. A lot of the changes will happen silently over a period of time. So what drives you to do this? Like in the sense that where does, where has, how has your sense of purpose evolved over the years if it is something you've thought about or mapped out or because one always makes up stories about themselves in hindsight only, uh, otherwise you just muddle along and"
en_01_seg055,indian_english,en-IN,The Seen and the Unseen,conversational_podcast,questioning,25.0,-17.9,passed,"getting to where you get. But, um, you know, whatever sense you have of how your sense of purpose has evolved, tell me about it. Mine has evolved quite severely. I used to, I used to be absolutely hung up on how is my great idea going to be implemented tomorrow. Uh, that was my sort of slightly, uh, arrogant if you like."
en_01_seg057,indian_english,en-IN,The Seen and the Unseen,conversational_podcast,conversational,25.0,-17.6,passed,"the problem and change the law and make it right, the world will be a better place tomorrow. Uh, so my frustration was when things were not being done correct, uh, correctly. I've now gone sort of quite in the other direction, which is I really don't care about the outcome of my work. Quite in a quite a quite a fundamental sense. Um, especially if you think of the world as it is today, there is so much that is happening that is"
en_01_seg058,indian_english,en-IN,The Seen and the Unseen,conversational_podcast,questioning,25.0,-17.2,passed,"is opposed to the way that we would have thought that the world would be and many of us are not happy with the way things are. Uh, whether it's in our country or overseas or, you know, geopolitics, etc. So this was not the movie we thought we would be watching when even 10 years ago. So you can either, you know, beat your head on the on the wall and feel frustrated and say, you know, how unlucky I was."
en_01_seg059,indian_english,en-IN,The Seen and the Unseen,conversational_podcast,motivational,25.0,-17.2,passed,"was to be bought at this born at this time where at this peak moment of my career when I have all these great ideas and experience, no one is listening to me. You can either do that, which is of limited use and nobody cares, or you can say look, in front of me is the opportunity to do these three pieces of work. I know something about these. I have put myself in a universe where there are other people who agree with me and are willing to work with me and rather just"
en_01_seg060,indian_english,en-IN,The Seen and the Unseen,conversational_podcast,storytelling,25.0,-17.5,passed,"Just do that piece of work that's in front of my nose and and see what happens. And if something happens, great. If it didn't, it was above my pay grade. So above my pay grade is now one of my most favorite things to say because I, you know, I've realized that almost everything is above my pay grade. There are very, very few things that I have control over from the futures of my children to the future of the nation. So it's best to just"
en_01_seg061,indian_english,en-IN,The Seen and the Unseen,conversational_podcast,motivational,25.0,-17.5,passed,"Do your best at in that moment with as much sincerity and effort as you can and see what happens. And what I've actually found is that once I've taken that sort of attitude, uh, I've my quality of my work and my thinking is improved. I don't feel the pressure to to achieve something out of it. And uh, I found that uh, I'm expressing it in a way that other people seem to be"
en_01_seg062,indian_english,en-IN,The Seen and the Unseen,conversational_podcast,emphatic,25.0,-17.1,passed,"to be going along with and one of the great things about about the trust which experience so far is the number of institutions, organizations and people who are keen to work collaboratively with us and to you and who appreciate the kind of work we're doing and who actually are doing work in the field or on the ground where they can see more clearly the pathways to interpretation than the kinds of people"
en_01_seg063,indian_english,en-IN,The Seen and the Unseen,conversational_podcast,formal,25.0,-17.1,passed,"people that we are, we could. So we either we are practitioners or researchers. We are not people who have worked with government or in the not-for-profit sector. So that pathway to implementation is what is difficult for us. But luckily, we've found ourselves in an ecosystem of organizations and people that are very happy to work with us to take some of those ideas further because we are sort of in some ways for some of us."
en_01_seg064,indian_english,en-IN,The Seen and the Unseen,conversational_podcast,formal,25.0,-17.2,passed,"All of these groups, we are providing the intellectual fodder that they can then see the pathway to implementation based on their interactions with government. And they're to be fair, there are lots of people, central government, state governments who want to make things better. I think that we haven't built up the intellectual capital within within the state to a sufficient degree, but people, lot of good people recognize."
en_01_seg065,indian_english,en-IN,The Seen and the Unseen,conversational_podcast,formal,25.0,-17.0,passed,recognize that there are people outside government who with the best of intentions want to support these efforts and you find the opportunities to do them. I'm also at the age where a lot of my pals from college etcetera are reasonably senior in government. So if I go to them and say hey look here's an idea what do you think? Can you speak to someone put introduce me to someone who is who will be interested in it and want to do something about it usually the answers are pleasing.
en_01_seg066,indian_english,en-IN,The Seen and the Unseen,conversational_podcast,questioning,25.0,-17.3,passed,"positive. And we've got, you know, we're doing a couple of things with government directly as a consequence of that. So that's my long-winded answer to that sense of purpose. So my sense of purpose now is limited to what's the piece of work in front of me and, you know, how well is it being done. I love the way you use the phrase above my pay grade in account in, you know, giving it a sort of dimension. I haven't thought of it before as to, you know, represent the art."
en_01_seg067,indian_english,en-IN,The Seen and the Unseen,conversational_podcast,motivational,25.0,-17.2,passed,"uncontrollable. So this is above my pay grade, you know. So in a sense, in a nutshell, what you're doing is you're showing agency towards what you can control and a kind of Buddhist acceptance towards what you can't control. Buddhist or even Gita or whatever, you know, it's it's it's which actually if you think about it, to not do that is a form of madness. To not be able to see, especially when the examples are being thrown in your face."
en_01_seg068,indian_english,en-IN,The Seen and the Unseen,conversational_podcast,motivational,27.3,-17.2,passed,"face over and over again, uh, to not see that you can't control it and then to be angry because you can't or to be frustrated, upset, sad, depressed, whatever, is really a form of madness. So, uh, you know, so, so the way out of it is just to say what is what can I do? And maybe what I can do today, I can only conceive of it in a, in a very small localized sense, but maybe bigger things will happen over time, and if it doesn't, it doesn't."
en_01_seg069,indian_english,en-IN,The Seen and the Unseen,conversational_podcast,motivational,25.0,-17.3,passed,"It also helps  Amit not to be overly invested in the future of the human race in general. 
 So I'm I'm you know, I'm ambivalent to the future of the human race. 
So I'm going to sort of dig a little  deep into that question of what you can control because what you can't control you know, right? 
If you're smart enough and if you're reflective enough, you know what you can't control. 
But I feel that and I'm now this is"
en_01_seg070,indian_english,en-IN,The Seen and the Unseen,conversational_podcast,questioning,25.0,-17.0,passed,"I really am probably revealing my own flaws of character when I say that sometimes you overestimate what you can control. Like it would be natural for someone like me to say that I can control what I do. I can sit and write for 4 hours a day if I want to and I can tell myself that. But actually how much can I control even that? You know, maybe I innately I don't have the capacity to do that. You know, which would be a terrible cop out and I'm not saying that. But we don't know ourselves as well as we"
en_01_seg071,indian_english,en-IN,The Seen and the Unseen,conversational_podcast,questioning,20.88,-17.0,passed,"as we think and we don't control ourselves as much as we think. We were discussing before this how neither of us believe in free will, but we live as if we do. Uh, but you know, so even when you think of the controllables, it can get frustrating because you don't actually control all the things you think you control, but obviously in the context of trust bridge or whatever, that's not the case. You know exactly what you can control and what you can't. Well, you don't necessarily know it."
hi_01_seg000,hindi,hi-IN,Aaj Tak,news_formal,questioning,25.9,-28.6,passed,"आपको यह बताते हैं कि हमारे देश के युवाओं को इस देश की सरकार से क्या चाहिए।
वह आखिर कड़ी मेहनत करते हैं, दिन रात एक करके एग्जाम देते हैं।
ऐसे बच्चे जो भारत का भविष्य है।
भारत में ऐसे युवाओं की संख्या लगभग 5 करोड़ है।
जो यूनिवर्सिटी और कॉलेजेस में उच्च शिक्षा हासिल करके सरकारी नौकरी की तैयारी कर रहे हैं।"
hi_01_seg001,hindi,hi-IN,Aaj Tak,news_formal,questioning,27.76,-29.2,passed,"अगर हम ये मान लें कि हर छात्र के परिवार में कम से कम चार सदस्य भी होंगे तो ये आंकड़ा 25 करोड़ हो जाता है और ये कोई छोटा आंकड़ा नहीं है।
भारत में रशिया जैसे लगभग दो देशों की आबादी सिर्फ उच्च शिक्षा के जरिए अपना करियर, अपना भविष्य बनाने का सपना देख रही है।
और इन करोड़ों बच्चों ने इस भविष्य के लिए ना जाने कितने संघर्ष किए हैं।
लेकिन सोचिए इन बच्चों को हमारे सिस्टम से, हमारी व्यवस्था से, हमारी सरकार से मिल क्या रहा है?"
hi_01_seg002,hindi,hi-IN,Aaj Tak,news_formal,formal,27.74,-28.3,passed,"भारत में केंद्रीय और राज्य स्तर पर हर साल कम से कम दो परीक्षाओं के पेपर लीक हो जाते हैं।
अकेले पिछले 20 सालों में भर्ती परीक्षा से जुड़े 60 से ज्यादा पेपर लीक हो चुके हैं।
ये आंकड़े सिर्फ भर्ती परीक्षाओं के हैं।
सरकारी मेडिकल कॉलेजेस, इंजीनियरिंग कॉलेजेस में दाखिले के लिए जो अलग से परीक्षाएं होती हैं, वो भी इस पेपर लीक की बीमारी से बची नहीं है।
इस साल 22 लाख 79000 छात्रों ने नीट यूजी की परीक्षा के लिए आवेदन दिया था।"
hi_01_seg003,hindi,hi-IN,Aaj Tak,news_formal,questioning,25.77,-30.2,passed,"पेपर लीक हुआ? कहानी खत्म नहीं हुई। ये कहानी यूं ही चलती रहती है और इसके किरदार में नाम बस बदलते रहते हैं। कभी नीट यूजी का पेपर लीक होता है, कभी सीबीएसई की परीक्षा में गड़बड़ी, कभी सरकारी नौकरियों का पेपर लीक होता है और कभी कुछ और। कल्पना कीजिए जिन बच्चों ने ईमानदारी से पूरे साल मेहनत की हो, खाना पीना सब भूल कर पढ़ाई की हो, दिन रात जग कर उनका मनोबल इस पेपर चोरी से कैसे टूटता होगा।"
hi_01_seg004,hindi,hi-IN,Aaj Tak,news_formal,questioning,25.0,-28.1,passed,"और ये भी सोचिए कि पेपर चोरी होती कैसे है। आज हमने पेपर लीक से जुड़े कई मामलों को देखा जिनमें ये बात निकल कर आई कि पेपर लीक करने और कराने वाले लोगों की संख्या ज्यादा नहीं होती है। ये 0.1% से भी कम होते हैं जो 99.9% ईमानदार मेहनती छात्रों का भविष्य अपनी बेईमानी से बर्बाद कर देते हैं। और यहां बात सिर्फ इन बेईमानों की नहीं है, बहुत सारे टीचर्स और कोचिंग सेंटर"
hi_01_seg005,hindi,hi-IN,Aaj Tak,news_formal,formal,27.79,-29.3,passed,"सेंटर्स भी ऐसे हैं जो ईमानदार टीचर्स और कोचिंग सेंटर्स की मेहनत को निगल जाते हैं।
और इसके बाद ये खुद को मसीहा बताते हैं।
जैसे नीट यूजी का जो पेपर लीक हुआ उसमें तीन आरोपियों को आज अदालत ने 15 जून तक के लिए जेल भेज दिया है।
इनमें भी सीधा-सीधा कोचिंग सेंटर का कनेक्शन निकला है।
एक है डॉक्टर मनोज शिरूरे,
दूसरे है तेजस शाह और तीसरे है मनीषा संजय हवलदार।"
hi_01_seg006,hindi,hi-IN,Aaj Tak,news_formal,questioning,25.0,-29.0,passed,"इनमें तेजस शाह पुणे के एक कोचिंग इंस्टिट्यूट में फिजिक्स के टीचर्स थे।
जबकि मनीषा संजय हवलदार पुणे के एक सरकारी स्कूल में नौकरी करती थी।
और एनटीए ने इस महिला टीचर को नीट यूजी परीक्षा के संचालन की जिम्मेदारी सौंपी थी।
जिसके कारण इस महिला टीचर के पास फिजिक्स का पेपर सबसे पहले आना था, लेकिन जानते हैं इसके बाद क्या हुआ।
इस महिला टीचर ने इस पेपर"
hi_01_seg007,hindi,hi-IN,Aaj Tak,news_formal,questioning,25.0,-28.2,passed,"पेपर को एक कोचिंग इंस्टिट्यूट के टीचर को बेच दिया।
खरीदने वाला कौन? कोचिंग इंस्टिट्यूट का टीचर।
और इसीलिए हम लगातार आज तक पर कोचिंग माफिया के खिलाफ अपनी आवाज बुलंद कर रहे हैं।
क्योंकि कोचिंग सेंटर्स के जरिए इन लीक किए गए पेपर्स को बेचा और खरीदा जाता है।
जानते हैं इसने क्या किया? उसने फोन करके इस कोचिंग इंस्टिट्यूट"
hi_01_seg008,hindi,hi-IN,Aaj Tak,news_formal,formal,25.0,-28.9,passed,"इंस्टिट्यूट के टीचर को सारे सवाल लिखवाए और बाद में कोचिंग इंस्टिट्यूट के इस टीचर ने यही सवाल नोट करके लीक कर दिए।
और ऐसा सिर्फ एक कोचिंग इंस्टिट्यूट ने नहीं किया।
महाराष्ट्र के लातूर में आरसीसी कोचिंग क्लासेस नाम के एक कोचिंग इंस्टिट्यूट है।
जिसके डायरेक्टर शिवराज मोटेगावकर ने इसी तरह की साठगांठ से पेपर लीक कराया और यह फिर इस कोचिंग सेंटर के साथ पहली बार नहीं हुआ है।
साल 2024 में जब नील"
hi_01_seg009,hindi,hi-IN,Aaj Tak,news_formal,formal,25.0,-29.3,passed,"नीट यूजी परीक्षा का पेपर लीक हुआ था, तब भी गुजरात पुलिस ने रॉय ओवरसीज नाम के कोचिंग सेंटर के छह लोगों को गिरफ्तार किया था।
जो इस बेईमानी में शामिल थे।
2024 में ही जब उत्तर प्रदेश में सिपाही भर्ती परीक्षा का क्वेश्चन पेपर लीक हुआ, तब भी इसके पीछे लखनऊ का एक कोचिंग सेंटर था।
जिसके टीचर्स को पुलिस ने गिरफ्तार किया।
जबकि 2022 में जब राजस्थान में सरकारी नौकरी और 2021 में"
hi_01_seg010,hindi,hi-IN,Aaj Tak,news_formal,questioning,25.79,-28.0,passed,"सरकारी टीचर्स की भर्ती परीक्षा का पेपर लीक हुआ तब भी इसमें कोचिंग माफिया का नाम सामने आया था।
और ये लिस्ट बहुत लंबी है।
तथ्य बताते हैं कि पेपर लीक के अधिकांश मामलों में कोचिंग माफिया की सबसे बड़ी भूमिका होती है जो पेपर बेचकर पैसे कमाना चाहते हैं।
भारत में कोचिंग इंडस्ट्री इसलिए फैली क्योंकि हमारी सरकारी"
hi_01_seg011,hindi,hi-IN,Aaj Tak,news_formal,formal,25.07,-28.1,passed,"जो व्यवस्था है।
सरकारों ने इस शिक्षा पर ध्यान ही नहीं दिया।
अगर हमारे देश में सरकारों की ओर से शिक्षा पर ध्यान दिया गया होता, तो कोचिंग इंडस्ट्री कभी भी इतनी बड़ी नहीं होती, जितना हमारे केंद्रीय शिक्षा मंत्रालय का 6 महीने का बजट है।
2022 में भारत की कोचिंग इंडस्ट्री 58000 करोड़ रुपए की थी, जो 2 साल बाद 2028 में ₹133000 करोड़ रुपए की होने वाली है।"
hi_01_seg012,hindi,hi-IN,Aaj Tak,news_formal,questioning,25.71,-29.6,passed,"जबकि पूरे देश के लिए केंद्र शिक्षा मंत्रालय का बजट ही ₹1,39,000 करोड़ का है।
अब कोचिंग इंडस्ट्री का ऐसा विस्तार कोई बहुत बड़ी उपलब्धि नहीं है।
इससे यह पता चलता है कि हमारे देश के करोड़ों माता-पिता की गाढ़ी कमाई कोचिंग इंस्टिट्यूट्स में जा रही है जहां कई बार झूठे सपने बेचे जाते हैं।
झूठे सपने कैसे? उसके लिए यह आंकड़े देखिए।"
hi_01_seg013,hindi,hi-IN,Aaj Tak,news_formal,formal,27.55,-28.9,passed,"ये कोचिंग सेंटर्स आपको अच्छे-अच्छे विज्ञापन दिखाते हैं। दावा करते हैं कि अगर आपने अपने बच्चों को इनके यहां भेजा तो वो यूपीएससी, नीट, जेईई, सरकारी नौकरी की परीक्षा जरूर पास कर लेंगे। कई बार तो विज्ञापनों में दो-तीन कोचिंग इंस्टिट्यूट्स एक ही बच्चे की तस्वीर लगा देते हैं और कहते हैं ये मेरे कॉलेज में पढ़ा, ये मेरे कॉलेज में पढ़ा है। कई बार हम लोग इन विज्ञापनों पर भरोसा कर लेते हैं, हकीकत में ये विज्ञापन कई बार कोरा झूठ होते"
hi_01_seg014,hindi,hi-IN,Aaj Tak,news_formal,questioning,25.0,-28.5,passed,"उदाहरण के लिए, केंद्र सरकार ने यूपीएससी की तैयारी कराने वाले दो बड़े, बहुत बड़े कोचिंग संस्थान पर जुर्माना लगाया।
जुर्माने का कारण क्या था?
इन कोचिंग संस्थानों ने इन छात्रों को भी अपना छात्र बताकर अखबार में बड़े-बड़े विज्ञापन छपवा दिए थे जो उनके यहां पढ़े ही नहीं थे।
और ऐसा सिर्फ एक मामला नहीं है।
यह धांधली कई बड़े कोचिंग संस्थान कर रहे हैं।"
hi_01_seg015,hindi,hi-IN,Aaj Tak,news_formal,formal,25.0,-27.2,passed,"और इसीलिए हम ये आवाज बुलंद कर रहे हैं कि अगर इस देश की शिक्षा व्यवस्था को संभालना है,
तो हमें #coachingmafia का अंत करना ही होगा।
अब सवाल ये है कि सोचिए आप केंद्र सरकार ने 60 नोटिस जारी किए और इन पर 1 करोड़ 46 लाख का जुर्माना लगाया।
ऐसे ऐसे बच्चों के इन्होंने इश्तिहार में अपने फोटो डाले जिन्होंने इनके यहां पढ़ाई नहीं की थी।"
hi_01_seg016,hindi,hi-IN,Aaj Tak,news_formal,questioning,27.59,-28.3,passed,"उन बच्चों ने कंप्लेंट की जिसके बाद ये कार्यवाही की गई।
लेकिन सोचिए उन माता-पिता के साथ कितनी बड़ी बेईमानी है जो इन कोचिंग संस्थानों के झांसे में आकर अपने बच्चों को पढ़ने के लिए भेज देते हैं।
गाड़ी कमाई से स्कूल की भी फीस देते हैं जो सिर्फ एक डमी स्कूल रह जाता है क्योंकि वहां पर सिर्फ अटेंडेंस और बाद में वहां से सर्टिफिकेट मिलता है।
असल पढ़ाई करने के लिए इन बच्चों को भारी भरकम फीस देकर कोचिंग सेंटर में ही भेजा जाता है और कई प्राइ"
hi_01_seg017,hindi,hi-IN,Aaj Tak,news_formal,formal,25.0,-28.6,passed,"ये कोचिंग सेंटर्स अपने स्कूल में ही चलाते हैं। कई प्राइवेट स्कूल्स के टीचर्स इन कोचिंग सेंटर्स को अपने तौर पर चलाते हैं और पेरेंट्स से कहते हैं कि क्लास में आपका बच्चा ठीक नहीं कर रहा, आप कोचिंग सेंटर में डाल दीजिए, इसको हम लोग अच्छे मार्क्स ले आएंगे। अब सवाल यही है कि आप स्कूल की भी फीस दे रहे हैं। यानी ड्यूल फीस।"
hi_01_seg018,hindi,hi-IN,Aaj Tak,news_formal,formal,26.59,-30.0,passed,"दो फीस कमाई करने का यह पूरा फार्मूला बन गया है।
हैरत की बात यह है कि यह कोचिंग संस्थान बच्चों के मसीहा बनते हैं लेकिन इसकी फीस का कोई हिसाब नहीं होता।
सरकारी मेडिकल कॉलेजेस में दाखिले के लिए नीट की तैयारी पर एक छात्र जानते हैं कितना खर्च करता है ₹4 लाख औसतन।
इसका पूरा ब्रेकअप भी आप अपनी टेलीविजन स्क्रीन पर देख सकते हैं।
इंजीनियरिंग के सरकारी कॉलेजेस में दाखिले के लिए जेईई की तैयारी पर हर चार चार छात्र चार से ₹5 लाख"
hi_01_seg019,hindi,hi-IN,Aaj Tak,news_formal,questioning,26.15,-29.8,passed,"सारा पैसा कोचिंग संस्थानों के पास जाता है।
एसएससी,
बैंकिंग,
रेलवे,
पीएससी, ऐसी सरकारी नौकरियों की तैयारी पर एक से दो लाख रुपए खर्च होता है और जब ये छात्र कोचिंग संस्थानों के वादों के बाद भी फेल हो जाते हैं, तो मसीहा बनने वाले ये कोचिंग संस्थान कभी फेल हुए छात्रों की फीस वापस लौटाते हैं क्या?
तब सारा का सारा ठीकरा इन बच्चों पर फोड़ दिया जाता है।
कि आपके बच्चे ने ही मेहनत नहीं की।"
hi_02_seg000,hindi,hi-IN,Dhruv Rathee,educational_informational,informational,25.0,-15.8,passed,"नमस्कार दोस्तों, पहलगाम की बैसारन वैली जिसे भारत का मिनी स्विट्जरलैंड कहा जाता है। इस टूरिस्ट स्पॉट पर एक खौफनाक आतंकी हमला हुआ जिसे देखकर पूरे देश की रूह कांप गई है।
अभी तक की जानकारी के अनुसार इस आतंकी हमले में कम से कम 26 लोगों की जानें जा चुकी हैं। 17 लोग इंजर्ड हैं और मृतकों में से सभी 26 लोग मेल्स थे।
इस हाई ऑल्टीट्यूड"
hi_02_seg001,hindi,hi-IN,Dhruv Rathee,educational_informational,informational,25.0,-16.1,passed,टूर लोकेशन पर केवल पैदल या खच्चर पर बैठ के पहुंचा जा सकता है इसलिए रेस्क्यू ऑपरेशंस के लिए हेलीकॉप्टर का इस्तेमाल किया गया जबकि लोकल्स खच्चरों की मदद से इंजर्ड लोगों को वहां से वापस लाए। कम से कम 12 टूरिस्ट को पहलगाम हॉस्पिटल में एडमिट करवाया गया और डॉक्टर्स ने कहा है कि अब ये 12 लोग स्टेबल कंडीशन में है। इस आतंकी हमले में लोगों को उनके रिलीजन के आधार पर टारगेट किया गया। एक विक्टिम मुस्लिम थे सैयद आदिल हुसैन
hi_02_seg002,hindi,hi-IN,Dhruv Rathee,educational_informational,informational,25.0,-16.4,passed,"कि लोकल थे, वहां खच्चर चलाने का काम करते थे। इनके अलावा एक क्रिश्चियन थे और बाकी 24 लोग जो मारे गए, वो सब हिंदू थे। जो अलग-अलग जगह से आए हुए टूरिस्ट थे। जैसे कि जयपुर के 32 साल के नीरज उधवानी जो यूएई में काम करते थे। ये छुट्टियों के लिए घर आए हुए थे, अपनी पत्नी के साथ पहले शिमला में एक शादी अटेंड की और फिर बाद में कश्मीर घूमने गए थे। ऐसे ही एक विक्टिम नेपाल से थे, सुदीप न्यूपणे। इसके अलावा आईएएफ, आईबी और नेवी"
hi_02_seg003,hindi,hi-IN,Dhruv Rathee,educational_informational,informational,25.0,-15.8,passed,"अरुणाचल से आए हुए इंडियन एयरफोर्स कॉर्पोरल तागे हेलियांग, इंटेलिजेंस ब्यूरो के सेक्शन ऑफिसर मनीष रंजन जो एलटीसी लेकर बिहार से यहां घूमने आए थे, अपनी पत्नी और दो बच्चों के साथ।
हरियाणा के 26 साल के इंडियन नेवी लेफ्टिनेंट विनय नारवाल केवल 6 दिन पहले उनकी शादी हुई थी।
यह अपनी पत्नी के साथ हनीमून मनाने आए थे, एक ऐसा हनीमून जिसके बाद इनकी पत्नी वापस विधवा होकर लौटी।
एक वीडियो में इन्हें कहते हुए सुना गया कि अपनी"
hi_02_seg004,hindi,hi-IN,Dhruv Rathee,educational_informational,informational,25.0,-17.1,passed,"अपने पति के साथ भेलपुरी खा रही थी कि तभी एक आदमी आया उसने कहा कि शायद ये मुस्लिम नहीं है और ये कहते ही उसने तुरंत गोली मार दी।
उसने बोला कि ये शायद मुस्लिम नहीं है उसने उसको गोली मार दी।
कुछ ऐसा ही कहा पुणे की एचआर प्रोफेशनल असावरी ने।
उन्होंने बताया कि जब उन्होंने दूर से आतंकियों को फायरिंग करते हुए देखा तो उनका परिवार सुरक्षा के लिए पास के एक टेंट में चला आया।
लेकिन आतंकी वहां भी आ गए।
उनके फादर को इस्लामिक वर्स रिसाइट कर"
hi_02_seg005,hindi,hi-IN,Dhruv Rathee,educational_informational,informational,25.0,-16.1,passed,"करने के लिए कहा और जब वो नहीं कर पाए तो उन्हें सीधा गोली मार दी। मदद के लिए वहां कोई नहीं था, ना पुलिस ना आर्मी। जो लोग उन्हें वहां खच्चर पर लेकर आए थे, उन्होंने असावरी, उनकी मां और एक फीमेल रिलेटिव को रिटर्न जर्नी में मदद की। तो बहुत सारे घोड़े वालों ने भी मतलब घोड़े पे लेके गया था, उनको हस्पिटल पहुंचाया। मेरे अलावा भी बहुत सारे ऐसे लोग थे जिन्होंने कंधे पे उनको उठाया है हस्पिटल पहुंचाने के लिए। बाद में करीब 20 मिनट"
hi_02_seg006,hindi,hi-IN,Dhruv Rathee,educational_informational,informational,25.0,-15.6,passed,"और उन्हें रेस्क्यू किया।
पाकिस्तान बेस्ड टेरर ग्रुप लश्कर-ए-तायबा के एक शैडो ग्रुप टीआरएफ ने इस हमले की जिम्मेवारी ली है।
टीआरएफ का फुल फॉर्म है द रेजिस्टेंस फ्रंट।
दो साल पहले जब टीआरएफ ने कश्मीर के पत्रकारों को धमकियां दी थी, तब मिनिस्ट्री ऑफ होम अफेयर्स ने इसे यूएपीए के अंतर्गत एक आतंकवादी संगठन डिक्लेअर कर दिया था।
इस टेरर ग्रुप के मेंबर शेख सज्जाद गुल को भी यूएपीए के चौथे"
hi_02_seg007,hindi,hi-IN,Dhruv Rathee,educational_informational,formal,25.0,-16.5,passed,के शेड्यूल के अंतर्गत आतंकवादी घोषित किया गया था। एक इंटेलिजेंस असेसमेंट के मुताबिक यह सस्पेक्ट किया जा रहा है कि लश्कर-ए-तायबा का टॉप कमांडर सैफुल्ला कसूरी भी इसके साजिशकर्ताओं में से एक है। इंडियन एक्सप्रेस की रिपोर्ट में बताया गया है कि इनिशियल प्रोब के अनुसार 4 से 6 आतंकी थे जिन्होंने यह हमला किया। आई विटनेसेस के स्टेटमेंट्स के आधार पर जम्मू एंड कश्मीर पुलिस ने अटैक करने वाले 3 पाकिस्तानियों के स्केच भी रिलीज कर
hi_02_seg008,hindi,hi-IN,Dhruv Rathee,educational_informational,formal,25.0,-16.7,passed,एक सरकारी सोर्स ने द हिंदू को बताया कि हमलावरों में से दो ऐसे कश्मीरी युवाओं के होने का शक है जो 2018 में पाकिस्तान चले गए थे। अनंत नाग का आदल गुरी और पुलवामा का एहसान। सरकारी सूत्रों ने बताया कि इन्होंने रिसेंटली पाकिस्तानी आतंकियों के साथ इनफिल्ट्रेशन की और इनके मूवमेंट के बारे में कुछ इनपुट्स मौजूद थे। टाइम्स ऑफ इंडिया में राजशेखर झा की रिपोर्ट में एक
hi_02_seg009,hindi,hi-IN,Dhruv Rathee,educational_informational,informational,25.0,-16.4,passed,"सूत्र के हवाले से कहा गया कि पहले से इनपुट्स थे कि अप्रैल के पहले हफ्ते में आतंकियों ने कुछ होटलों का पूर्व परीक्षण किया था। इसलिए कोई इंटेलिजेंस फेलियर नहीं था। इंटेलिजेंस इनपुट्स होने के बावजूद अटैक हो गया। इससे दोस्तों पुलवामा हमले की याद आती है।
जून 2019 में मिनिस्टर ऑफ स्टेट फॉर होम अफेयर्स जी किशन रेड्डी ने राज्यसभा को बताया था कि कोई इंटेलिजेंस फेलियर नहीं था। बाद में फ्रंट लाइन की एक"
hi_02_seg010,hindi,hi-IN,Dhruv Rathee,educational_informational,informational,25.0,-16.0,passed,एक इन्वेस्टिगेशन ने भी यह रिवील किया था कि 2 जनवरी से लेकर 13 फरवरी के बीच में 11 इंटेलिजेंस इनपुट्स थे। यह बता रहे थे कि कोई किसास हमला हो सकता है यानी बदला लेने के लिए स्ट्राइक हो सकती है। पुलवामा हमले के बाद जब इन्वेस्टिगेशन हुई तो मुदासिर अहमद खान को पुलवामा हमले का मास्टरमाइंड पाया गया। उससे रिलेटेड भी दो इंटेलिजेंस इनपुट्स पहले से ही मौजूद थे। 24 जनवरी 2019 के इंटेलिजेंस इनपुट में बताया गया था कि कुछ आतंकियों ने
hi_02_seg011,hindi,hi-IN,Dhruv Rathee,educational_informational,formal,25.0,-17.1,passed,मुदासिर अहमद खान को रिपोर्ट किया आने वाले दिनों में एक फिदाइन हमला करने के लिए। ये ग्रुप शाहिद बाबा ग्रुप के साथ कांटेक्ट में है। ये वही ग्रुप था जिसका मेंबर था पुलवामा हमले का बॉम्बर आदिल अहमद दास। 25 जनवरी के दिन का जो इंटेलिजेंस इनपुट था उसमें मुदासिर अहमद खान की लोकेशन की जानकारी थी। बोल्ड लेटर्स में ये बताया गया था कि चार फॉरेन मर्सिनरीज के साथ मुदासिर खान को स्पॉट किया गया है। मिदुरा और
hi_02_seg012,hindi,hi-IN,Dhruv Rathee,educational_informational,informational,25.0,-16.3,passed,"लाम तराल विलेजेस में।
इस इनपुट में भी कहा गया था कि एक अटैक की प्लानिंग चल रही है जो अवंतीपुरा या पंपोर में किया जा सकता है।
यह इलाके पुलवामा से केवल 16-17 किलोमीटर दूर है।
इमेजिन करो दोस्तों, पुलवामा हमले से पहले भी मुदासीर एक नोन आतंकवादी था जो 2017 में सीआरपीएफ कैंप पर हुए अटैक के कनेक्शन में वार्निंग था।
12 फरवरी के एक इनपुट को तो मार्क किया गया था टॉप सीक्रेट मैटर मोस्ट अर्जेंट।
इस बार"
hi_02_seg013,hindi,hi-IN,Dhruv Rathee,educational_informational,informational,25.0,-16.7,passed,इसमें एक ट्विटर हैंडल शाह जीईटी 313 के बारे में जानकारी थी कि इसे पाकिस्तान के जैश मोहम्मद हैंडलर्स चला रहे हैं। इसने हिंट दिया था कि जम्मू एंड कश्मीर में सिक्योरिटी फोर्सेस के रूट पर आईईडी ब्लास्ट कैरी आउट किया जा सकता है। साथ में एक वीडियो भी था जिसमें आईईडी ब्लास्ट को डेमोंस्ट्रेट किया गया था। 13 फरवरी के इंटेलिजेंस इनपुट में भी ऐसी ही एक फाइनल वार्निंग थी लेकिन इसके बावजूद भी दोस्तों 2500 से ज्यादा जवानों ने
hi_02_seg014,hindi,hi-IN,Dhruv Rathee,educational_informational,questioning,25.0,-16.3,passed,"को एयरलिफ्ट नहीं करवाया गया।
इकट्ठे ही एक ही कॉन्वोय में भेज दिया गया और सीआरपीएफ के फॉर्मर आईजी ने बाद में इसे लेकर ऐतराज भी जताया था।
2547 को भेजना और 78 व्हीकल्स एक कॉन्वोय में लगाना वो मुझे लगता है टेक्निकली ठीक नहीं था।
सोच कर देखो दोस्तों इतने डिटेल्ड इंटेलिजेंस इनपुट्स होने के बावजूद भी पुलवामा हमला हो गया।
कैसे हुआ?
सवाल ये उठता है, मुझे तो पता नहीं।"
hi_02_seg015,hindi,hi-IN,Dhruv Rathee,educational_informational,questioning,25.0,-18.5,passed,"क्या आपको पता है? अगर मुझे नहीं पता, आपको नहीं पता, तो किससे पूछना चाहिए कि चूक कहां हुई?
मुझे जवाब दीजिए!
यह जो आतंकवादी है, उनके पास शस्त्र और बारूद कहां से आता है?
वो तो विदेश की धरती से आता है।
और सीमाएं संपूर्ण रूप से आपके कब्जे में है।
सीमा सुरक्षा पर आपके कब्जे में है कि विदेशों से घुसपैठ नहीं है।"
hi_02_seg016,hindi,hi-IN,Dhruv Rathee,educational_informational,questioning,25.0,-17.3,passed,"ये आते हैं।
घुसपैठ ये आतंकवादियों के रूप में आते हैं।
आतंकवादी गट्टाएं करते हैं, भाग जाते हैं।
प्रधानमंत्री जी आप मुझे बताइए।
सीमाएं आपके हाथ में है, कोस्टल सिक्योरिटी आपके हाथ में है।
बीएसएफ सेना सब आपके हाथ में है, नेवी आपके हाथ में है।
ये विदेश से घुसपैठ ये कैसे ढूंढ जाते हैं।
कोई भी समझदार इंसान, कोई भी समझदार बच्चा तक ये समझ सकता है कि देश की सुरक्षा चुनी हुई सरकार की है।"
hi_02_seg017,hindi,hi-IN,Dhruv Rathee,educational_informational,questioning,25.0,-15.9,passed,"की जिम्मेवारी है। तो सवाल उसी से पूछा जाना चाहिए। दिसंबर 2016 में प्रधानमंत्री मोदी ने एक रैली में कहा था कि नोटबंदी ने आतंकवाद की कमर तोड़ दी है। तो सवाल ये उठता है कि आतंकी हमले रुके क्यों नहीं उसके बाद? सिर्फ जम्मू एंड कश्मीर की ही बात करें हम, तो देखो नवंबर 2016 में हुआ नागरोटा आर्मी बेस अटैक। जुलाई 2017 में अवरनाथ यात्रा अटैक। फरवरी 2018 सुनजुवन मिलिट्री स्टेशन अटैक।"
hi_02_seg018,hindi,hi-IN,Dhruv Rathee,educational_informational,motivational,25.0,-15.3,passed,"अटैक। फरवरी 2019, पुलवामा अटैक। मार्च 2019, जम्मू बस स्टैंड ग्रेनेड ब्लास्ट। जून 2019, अवंतीपुरा में इंडियन पैरामिलिट्री पुलिस पर अटैक। 2023, पूंछ राजौरी अटैक। 2024, रियासी अटैक और अब 2025, पहलगाम अटैक। एक के बाद एक आतंकी हमले हुए जा रहे हैं और देश की मीडिया में हिम्मत नहीं है सरकार से सवाल करने की। ये सिर्फ 2014 से पहले होता था कि मीडिया द्वारा सरकार"
hi_02_seg019,hindi,hi-IN,Dhruv Rathee,educational_informational,formal,25.0,-18.3,passed,"सरकार से सवाल पूछे जाते थे।
फिल्में भी आप देखोगे, अ वेंचडे जैसी फिल्में बनाई जाती थी, जिनमें सरकार से आतंकवाद पर सवाल पूछे जाते थे।
इसीलिए हम सरकार चुनते हैं कि वो मुल्क चलाएं।
आप लोग सरकार, पुलिस फोर्स, इंटेलिजेंस सक्षम है इस तरह के पेस्ट कंट्रोल के लिए, लेकिन आप लोग कर नहीं रहे।
मैं चाहता हूं कि अगर मेरा बच्चा घर से बाहर निकले तो बेखौफ घूमे कहीं भी, कभी भी, ट्रेन में, बस में, कहीं भी।
उस जमाने में जनता मिल"
hi_02_seg020,hindi,hi-IN,Dhruv Rathee,educational_informational,angry,25.0,-16.4,passed,थी और नेता अपनी गलती मानते हुए इस्तीफा भी दे देते थे। जैसे कि मुंबई के 26/11 अटैक के बाद होम मिनिस्टर शिवराज पाटिल ने पब्लिक डिमांड के चलते हुए इस्तीफा दिया था। और महाराष्ट्र के मुख्यमंत्री विलासराव देशमुख ने भी इस्तीफा दिया था। मैं ये नहीं कह रहा कि इस्तीफा देकर उन्होंने कोई महान काम कर दिया। बात ये है कि किसी भी फंक्शनिंग डेमोक्रेसी में ये एक बेसिक बात है और अब उस बेसिक कॉमन सेंस को हमारा देश खो चुका है। अब इस नए
hi_02_seg021,hindi,hi-IN,Dhruv Rathee,educational_informational,informational,25.0,-16.8,passed,जैसे नमूने को देखिए। अर्नब गोस्वामी इस पहलगाम अटैक के लिए सुप्रीम कोर्ट को जिम्मेवार ठहरा रहे हैं। देयर वास नो नीड इन माय व्यू फॉर द सुप्रीम कोर्ट टू वेस्ट टाइम गेटिंग इनटू वेदर 370 वास एब्रोगेशन वास वैलिड ऑर नॉट। इट वास अ वेस्ट ऑफ टाइम बिकॉज़ विद द ग्रेटेस्ट ऑफ रिस्पेक्ट टू द जजेस दे विल नॉट टेक रिस्पांसिबिलिटी फॉर द सिक्योरिटी सिचुएशन। यह वही नमूना है जिसकी WhatsApp चैट लीक हुई थी और जिसने पुलवामा हमले के
hi_02_seg022,hindi,hi-IN,Dhruv Rathee,educational_informational,questioning,25.0,-15.3,passed,"वन लाइक क्रेजी।
पुलवामा अटैक के बाद सबसे पहले कवरेज कर लेने का यह जश्न मना रहा था।
गोदी मीडिया एंकरों से इतनी सिंपल बात नहीं पूछी जा रही कि जिस जगह इतने सारे टूरिस्ट जमा थे, वहां प्रॉपर सिक्योरिटी क्यों नहीं थी।
आज तक चैनल के कॉरेस्पोंडेंट ने यह कहने की कोशिश की तो उनकी बात को बीच में ही काट दिया गया।
यह मजाक नहीं है।
2000 टूरिस्ट किसी एक पिकनिक स्पॉट पर हैं, वहां पर ना ही पुलिस बल की कोई तैनात थी ना ही सुरक्षा बल की।"
hi_02_seg023,hindi,hi-IN,Dhruv Rathee,educational_informational,formal,25.0,-14.0,passed,"की कोई ताई ना थी हम देखते हैं जब अमरनाथ यात्रा होती है।
यह सवाल एक बच्चा बच्चा तक पूछ रहा है।
सरकार तो गई हुई है।
मतलब इतना बड़ा आतंकवादी का हमला हुआ उन्हें कुछ पता ही नहीं है।
इधर पूरी नीचे पूरे आर्मी का बेस है उन्हें पता ही नहीं है।
दोस्तों अब 10 दिन पहले की यह रिपोर्ट देखिए डिफेंस मिनिस्ट्री ने पार्लियामेंट की स्टैंडिंग कमेटी को बताया कि आर्मी में ऑफिसर्स का करंट नंबर है 4200"
hi_02_seg024,hindi,hi-IN,Dhruv Rathee,educational_informational,questioning,25.0,-15.8,passed,जबकि ऑथराइज्ड स्ट्रेंथ है 50538। देश में करीब 8400 आर्मी ऑफिसर्स की कमी है और 92400 सोल्जर्स की। कुल मिलाकर आर्मी में 1 लाख से ज्यादा आर्मी पर्सनल की शॉर्टेज है। इस शॉर्टेज की वजह से सोल्जर्स को एक जगह से दूसरी जगह शिफ्ट कराया जा रहा है पहले से ज्यादा रेट पर। सवाल ये उठता है कि ये शॉर्टेज क्यों है? मुझे तो नहीं पता लेकिन आप इस अगस्त 2022 की
hi_02_seg025,hindi,hi-IN,Dhruv Rathee,educational_informational,questioning,25.0,-17.1,passed,टेलीग्राफ की ये रिपोर्ट देखिए। यहां लिखा है कि कोविड के दो सालों में आर्मी की कोई रिक्रूटमेंट नहीं हुई। इसलिए आर्मी में 1 लाख से ज्यादा ट्रूप्स की कमी है। और अब इस रिपोर्ट की हेडलाइन देखिए। अगले 3 साल में आर्मी स्ट्रेंथ को 2 लाख से कट करने का प्लान। क्या सेंस बना इस बात का? एक मिनिस्ट्री ऑफिशियल ने कहा कि आर्मी अपनी ट्रूप स्ट्रेंथ का रैशनलाइजेशन कर रही है। इसे सैलरी और पेंशन का खर्च कम करने के अटेम्प्ट के रूप में देखा जा रहा है।
hi_02_seg026,hindi,hi-IN,Dhruv Rathee,educational_informational,formal,25.0,-16.5,passed,"कई लोगों ने आरोप लगाया है कि सरकार आर्मी ऑफिसर्स की सैलरी और पेंशन पर पैसे बचाना चाह रही है और इसलिए इनकी ट्रूप स्ट्रेंथ कम करने का प्लान।
विनय नारवाल की बहन ने हरियाणा चीफ मिनिस्टर नायब सिंह सैनी के आगे रोते हुए कहा कि उनके भाई डेढ़ घंटे तक जिंदा थे।
अगर वहां आर्मी होती तो उन्हें बचाया जा सकता था लेकिन कोई नहीं आया वहां।
कोई नहीं आया।
कोई नहीं आया वहां पे डेढ़ घंटा वो जिंदा था तब तक कोई नहीं आया।"
hi_02_seg027,hindi,hi-IN,Dhruv Rathee,educational_informational,questioning,25.0,-16.5,passed,अरे  कोई  कोई  आर्मी होती तो फिर क्या बन सकता था  कोई नहीं आ रहा  भाई  कोई नीता नहीं कोई से कोई आर्मी नहीं कोई पुलिस नहीं  मोटा मोटा नेता आवे कोई वीआईपी में  को इससे कोई मतलब नहीं कश्मीरी पंडित अपने सिक्योरिटी कंसर्न्स के लिए 300 से ज्यादा दिल
hi_02_seg028,hindi,hi-IN,Dhruv Rathee,educational_informational,formal,25.0,-16.4,passed,दिन तक स्ट्राइक पर बैठे रहे लेकिन कोई खबर तक नहीं आई। दूसरी तरफ मुकेश अंबानी सेठ और उनके परिवार के लिए हाईएस्ट लेवल का जेड प्लस सिक्योरिटी कवर है। इसमें कुल 55 सिक्योरिटी पर्सनल है जिनमें से 10 से ज्यादा हाईली ट्रेंड एनएसजी कमांडोज हैं। टाइम्स ऑफ इंडिया की रिपोर्ट में बताया गया है कि मुकेश के बेटे अनंत की घड़ी की कीमत 60 करोड़ से ज्यादा की है। नीता अंबानी की नेकलेस की कीमत 500 करोड़ की है। शादी में खर्च हुआ ₹5
hi_02_seg029,hindi,hi-IN,Dhruv Rathee,educational_informational,questioning,25.0,-16.7,passed,हजार करोड़ से ज्यादा लेकिन सिक्योरिटी में इन्हें चाहिए सरकारी खर्चे पर ट्रेन किए गए हाईली ट्रेंड एनएसजी कमांडोस। हम लोगों के टैक्स के पैसे पर ट्रेन किए गए एनएसजी कमांडोस। गोदी मीडिया को इससे कोई मतलब नहीं है इनके सेठ और देश के बॉलीवुड सेलिब्रिटीज को यहां पर वाई प्लस जेड प्लस सिक्योरिटी कवर्स मिल रहे हैं। मुझे मुकेश अंबानी और सेलिब्रिटीज के सिक्योरिटी कवर से कोई प्रॉब्लम नहीं है लेकिन सवाल यहां पर यह है कि आम लोगों को क्या मिल रहा है यहां
hi_02_seg030,hindi,hi-IN,Dhruv Rathee,educational_informational,questioning,25.0,-16.2,passed,"वीआईपी नेता, बिजनेसमैन, फिल्म स्टार्स देश के लिए जरूरी है। इसलिए उनके लिए ज्यादा सिक्योरिटी कवर जस्टिफाइड है। लेकिन पहलगाम में जो आम इंसान मारे गए, वो भी तो अपने परिवार के लिए उतने ही जरूरी है ना। उनकी पत्नी, उनके बच्चे और उनके मां-बाप के लिए तो वही दुनिया है। सवाल यहां पर ये है कि आम लोगों की ही जान इतनी सस्ती क्यों है? कभी ट्रेन एक्सीडेंट में मारे जाते हैं, कभी भगदड़ में, कभी होर्डिंग गिर जाती है तो कभी पुल टूट जाता है। कभी"
hi_02_seg031,hindi,hi-IN,Dhruv Rathee,educational_informational,formal,25.0,-17.4,passed,नीचे आके मारे जाते हैं या सड़क पर मैन होल में गिर जाते हैं। तो कभी आतंकी हमले में मारे जाते हैं। आम लोगों की सिक्योरिटी की बात हो तो सरकार आर्मी ट्रूप्स की सैलरी और पेंशन की चिंता करने लगती है। अलग-अलग स्टेट्स की पुलिस को ही देख लीजिए कितनी ओवरवर्क्ड है। बार-बार पुराने वीडियोस में मैंने इसकी बात करी है। पुलिस की संख्या डबल करने की जरूरत है देश में। पुलिस को ज्यादा ट्रेनिंग फैसिलिटीज प्रोवाइड करने की जरूरत है ताकि देश में लॉ एंड ऑर्डर बेहतर हो
hi_02_seg032,hindi,hi-IN,Dhruv Rathee,educational_informational,questioning,25.0,-16.9,passed,"देश के लोगों को सुरक्षा मिल सके लेकिन किसी को कोई मतलब ही नहीं है।
लॉ एंड ऑर्डर का तो इस नए भारत में इतना बड़ा मजाक बन गया है कि क्या ही बताऊं।
हर दूसरे दिन एक नया वीडियो सामने आता है सड़क पर किसी को मारा पीटा जा रहा है, पुलिस कुछ नहीं करती।
गुंडे आकर किसी स्टूडियो को तोड़ चले जाते हैं तो कभी किसी रेस्टोरेंट को, पुलिस वहां देखती रहती है।
होम मिनिस्टर अमित शाह ने कहा है कि इस आतंकी हमले के गुनहगारों को बख्शा नहीं जाएगा, अच्छी बात"
hi_02_seg033,hindi,hi-IN,Dhruv Rathee,educational_informational,questioning,25.0,-16.3,passed,"दीजिए।
लेकिन इसके साथ ही सवाल यह है कि क्या आपकी सरकार के पास कोई भी सलूशन है ऐसे आतंकी हमलों को रोकने का? 
क्या आपकी सरकार अश्योरेंस दे सकती है कि फिर ऐसा कोई आतंकी हमला नहीं होगा फ्यूचर में? 
सलमान खान को अश्योरेंस देने के लिए तो फॉर्मर चीफ मिनिस्टर एकनाथ शिंदे खुद सलमान के घर चले गए थे।
लेकिन आम लोगों को ऐसी अश्योरेंस कौन देगा? 
बात यहां यह है दोस्तों कि कोई सरकार यहां इतनी जहमत क्यों उठाएगी किसी सलूशन के लिए जब गोदी मीडिया के जर"
hi_02_seg034,hindi,hi-IN,Dhruv Rathee,educational_informational,questioning,25.0,-16.5,passed,"करिए। सरकार के सभी फेलियर्स को अचीवमेंट्स के तौर पर दिखाया जा रहा है। टीवी पर क्या चल रहा है? सऊदी अरब का दौरा बीच में छोड़, भारत लौट रहे प्रधानमंत्री मोदी। प्रधानमंत्री मोदी ने हवाई अड्डे पर ही बुलाई बैठक। इन थंबनेल्स को देखिए, गुस्से में मोदी, ऑर्डर से पूरी दुनिया हैरान। सेना को दे डाली खुली छूट, ठोकना शुरू। जो ब्रेन वॉश लोग इस सब में यकीन करते हैं, उन्होंने अपनी इमेजिनेशन में अलग ही दुनिया बना रखी है।"
hi_02_seg035,hindi,hi-IN,Dhruv Rathee,educational_informational,formal,25.0,-16.3,passed,"एक ऐसी दुनिया जहां पर धरती मोदी के अराउंड चक्कर लगाती है।
खैर अपने मुद्दे पर वापस आए जम्मू एंड कश्मीर के मुख्यमंत्री ओमर अब्दुल्ला ने कहा कि इस अटैक को अंजाम देने वाले जानवर हैं, इन ह्यूमन है, कंटेम्प्ट के लायक है।
उनकी निंदा करने के लिए कोई शब्द काफी नहीं।
उन्होंने विक्टिम्स के परिवारों के लिए संवेदना व्यक्त की।
कश्मीर में लोगों ने शोक मनाने के लिए बंद लगाया।
किसी ने एकता दिखाने के लिए मार्च की, तो किसी ने कैंडल लाइ"
hi_02_seg036,hindi,hi-IN,Dhruv Rathee,educational_informational,informational,25.0,-17.4,passed,"जमाएत उलेमा-ए-हिंद जैसी प्रोमिनेंट मुस्लिम ऑर्गेनाइजेशंस ने टेरर अटैक को कंडेम किया।
ऑल इंडिया इमाम ऑर्गेनाइजेशन के हेड इमाम उमर अहमद इलियासी ने कहा कि शुक्रवार के नमाज के समय 5.5 लाख मस्जिदों से स्ट्रांग एंटी टेरर मैसेज दिया जाएगा।
विक्टिम्स के लिए प्रार्थना की जाएगी।
भारत के बाहर यूएई, सऊदी अरेबिया, बांग्लादेश और कतर जैसे कई सारे मुस्लिम देशों ने भी हमले की कड़ी"
hi_02_seg037,hindi,hi-IN,Dhruv Rathee,educational_informational,questioning,25.0,-16.4,passed,"निंदा की है।
देश के आम मुसलमानों ने भी सोशल मीडिया पोस्ट पर अपना विरोध जताया है।
यह अच्छी बात है कि लोग आपस में रिलीजन के नाम पर ना बटे और इस तरह आतंकियों के मंसूबों को नाकाम करें।
क्योंकि सभी आतंकवादी यही तो चाहते हैं कि भारत में धार्मिक नफरत फैले, लोग एक दूसरे से लड़े और हमारा देश टूट जाए।
लेकिन क्या कोई भी देशभक्त ऐसा चाह सकता है? कभी भी नहीं।
कोई भी देशभक्त यही चाहेगा कि मेरा देश मजबूत है।"
hi_02_seg038,hindi,hi-IN,Dhruv Rathee,educational_informational,questioning,25.0,-16.6,passed,"मजबूत रहे, अखंड रहे, देशभक्त तो एक ही नारा बोलेंगे।
भारतीय एकता जिंदाबाद।
आप भी इस यूनिटी के संदेश को कमेंट्स में लिखिए अगर आप इससे एग्री करते हैं तो।
मुझे बस यह बात नहीं समझ में आती कि बीजेपी वालों को इस नारे से इतना करंट क्यों लग जाता है।
मैं चैलेंज देता हूं सभी बीजेपी के नेताओं को अपने सोशल मीडिया पर लिखकर दिखाओ भारतीय एकता जिंदाबाद।
मुझे लगता नहीं कि इनमें से ज्यादा नेता यह लिखने की हिम्मत कर सकते हैं क्योंकि इन फर्जी"
hi_02_seg039,hindi,hi-IN,Dhruv Rathee,educational_informational,sad,25.0,-17.3,passed,"कि राष्ट्रवादियों को नफरत फैलाने से फुर्सत मिले, तभी तो राष्ट्रीय एकता की बात करेंगे ये। मृत्युकों की अस्थियां ठंडी भी नहीं हुई थी कि बीजेपी छत्तीसगढ़ के ऑफिशियल ट्विटर और इंस्टाग्राम हैंडल ने ये बेहद ही भद्दा पोस्ट किया। एक गिबली स्टाइल इमेज जिस पर कैप्शन लिखते हैं, धर्म पूछा जाती नहीं, याद रखेंगे। इंडिया टुडे की पत्रकार प्रीति चौधरी ने इस पर तंज कसते हुए कुछ ऐसा लिखा कि किसी ट्रेजेडी का फायदा उठाने के लिए कोई समय ज्यादा जरूरत नहीं"
hi_02_seg040,hindi,hi-IN,Dhruv Rathee,educational_informational,questioning,25.0,-16.7,passed,"जल्दी नहीं है।
इस पोस्ट से दो बातें साफ दिखती हैं।
पहला ये कि जातिवादी अत्याचारों को लेकर ये कभी कोई समाधान नहीं करने वाले।
क्योंकि समाधान निकालने के लिए समस्या को स्वीकार करना पड़ता है।
इनसे जरा पूछ कर देखो कि आज तक कितने ब्राह्मण राजपूत या बनियों की बारात में उन्हें घोड़ी पर बैठने से रोका गया है।
हमेशा दलितों को ही क्यों मारा पीटा जाता है इसको लेकर इतने सारे न्यूज़ आर्टिकल्स मिल जाएंगे।
जाति देखकर ही मारा जाता है ना।
दूसरी बात इस पो"
hi_02_seg041,hindi,hi-IN,Dhruv Rathee,educational_informational,informational,25.0,-16.3,passed,"कि बीजेपी वाले देश में धार्मिक नफरत फैलाते रहेंगे। ये आतंकवादियों का जो एजेंडा है देश को तोड़ने का, हिंदुओं को मुसलमानों से लड़वाने का, देश को सिविल वॉर की कगार पर ले जाने का, यही एजेंडा बीजेपी के लोग भी फॉलो करते हैं। चारों तरफ आप इन लोगों की पोस्ट देखोगे सोशल मीडिया पर, सिर्फ एक ही चीज पर फोकस करते हैं, हिंदू वर्सेस मुस्लिम्स। ये चाहते हैं सभी हिंदुओं के अंदर डर बैठे आतंकवादियों से नहीं बल्कि अपने देश के मुसलमानों"
hi_02_seg042,hindi,hi-IN,Dhruv Rathee,educational_informational,informational,25.0,-16.6,passed,"पड़ोसियों से, अपने दोस्तों से।
ये चाहते हैं सभी मुसलमानों के अंदर डर बैठे।
आतंकवादियों से नहीं बल्कि अपने देश के हिंदुओं से, अपने पड़ोसियों से, अपने दोस्तों से।
ये संपत्ति इकट्ठी करके किसको बाटेंगे?
जिनके ज्यादा बच्चे हैं उनको बाटेंगे।
ये सब सिर्फ इसलिए ताकि आप इन्हें डर के मारे वोट दो।
यही कारण है दोस्तों कि 2014 के बाद से परपेचुअली हिंदू खतरे में रहे।"
hi_02_seg043,hindi,hi-IN,Dhruv Rathee,educational_informational,formal,25.0,-17.3,passed,"रहा है।
चारों दिशाओं से साल भर साल, महीने भर महीने, यही हिंदू खतरे में है का नैरेटिव आपको सुनाया जाता है।
हैरान हो जाएंगे इस रिपोर्ट के मुताबिक।
The मुस्लिम पॉपुलेशन इज गॉन अप बाय 43 प्लस परसेंट।
43% बढ़ी है।
The हिंदू पॉपुलेशन इज गॉन डाउन इन एन इक्वल पीरियड बाय 7.82%।
88% कम हुई है।
थिंक अबाउट दिस, इट्स क्रेजी।
एक साजिश चल रहा है भारत को गजवाई ।"
hi_02_seg044,hindi,hi-IN,Dhruv Rathee,educational_informational,informational,25.0,-17.2,passed,"हिंद  हिंद करने का इस्लामिक स्टेट बनाना चाहते हैं।
जबकि 2014 से पहले इसकी आपको कोई बात भी कहीं सुनने को नहीं मिलती थी।
सिर्फ सत्ता पाने के लिए यह देश में हिंदू मुसलमानों को लड़वाने की बात करते हैं, देश को तोड़ने की बात करते हैं और बीजेपी के जैसे ही कट्टरपंथी नफरती एलिमेंट्स मुसलमानों में भी है दूसरी साइड पर।
ऐसे मुसलमानों को आप यहां देख सकते हो जब हमले की खबर आती है पोस्ट पर यह हंसने वाले रिएक्शन देते हैं।"
hi_02_seg045,hindi,hi-IN,Dhruv Rathee,educational_informational,informational,25.0,-16.5,passed,"ये लोग चाहे सुधरे या ना सुधरे लेकिन एक चीज आप समझ लीजिए, आप जो आम हिंदू, आम मुस्लिम, आम सिख, ईसाई, बौद्ध, जैन हो, चाहे आप ब्राह्मण हो, राजपूत हो या दलित हो, चाहे हरियाणवी हो या मराठी हो। एक बात ध्यान से समझ लीजिए कि हिंसा चाहे धर्म, जाति, भाषा या किसी भी और आधार पर हो। हिंसा चाहे जो भी करे, हर एक हिंसा की किसी अगर मगर के बिना आलोचना करे। चाहे वो पहलगाम का आतंकी हमला हो या पहले"
hi_02_seg046,hindi,hi-IN,Dhruv Rathee,educational_informational,informational,25.0,-16.0,passed,"ज़िमलेस्टिन में लोगों का मारे जाना है। चाहे वो जातिवाद के नाम पर हिंसा हो या मराठी ना बोलने पर, कन्नडा ना बोलने पर लोगों को मारा पीटा जाना हो। हर एक हिंसा हमारे देश में दीमक की तरह है। नफरती आतंकी लोग आप लोगों को भड़काएंगे कि उन लोगों ने ये किया, वो किया लेकिन भड़कना नहीं है। ये अस वर्सेस देम यानी हम लोग वर्सेस वो लोग इस जहरीले प्रोपेगेंडा से बाहर निकलना है। हम भारत के लोग, हमारी डिमांड है कि इन सभी क्रिमिनल एलएलएम"
hi_02_seg047,hindi,hi-IN,Dhruv Rathee,educational_informational,informational,26.42,-18.1,passed,"एलिमेंट्स, टेरर एलिमेंट्स को जेल में डाल दिया जाए, इन्हें सजा दी जाए।
और जो बाकी लोग हैं, हमें साथ में रहना है, देश में शांति और तरक्की लेकर आनी है।
इसलिए जोर से कहिए, भारतीय एकता जिंदाबाद।
इस आतंकी विचारधारा के खिलाफ, देश को तोड़ने वाले लोगों के खिलाफ।
भारतीय एकता जिंदाबाद।
जय हिंद।"
hi_03_seg000,hindi,hi-IN,Josh Talks Hindi,motivational_speech,motivational,25.0,-18.8,passed,"मैंने अपने मन में ठान लिया कि मुझे बनना तो अब टीचर ही है।
तुम नहीं फेस कर सकती लोगों को कभी भी, तुम इतनी मोटी हो कि पता नहीं तुम्हारा फ्यूचर कैसा होगा।
बाकी लोग बोलते थे कि मैं आवारा हूं।
मैं जगह-जगह घूमती हूं, लड़कियों के लिए ये चीजें नहीं होती है।
वो लोग मेरा डेमो तक नहीं लेते थे,  मुझे पढ़ाने का मौका तक नहीं देते थे, सिर्फ और सिर्फ मेरे पास्ट को देख के, मुझे देख के वो लोग मना कर देते थे।
वो एक टर्निंग"
hi_03_seg001,hindi,hi-IN,Josh Talks Hindi,motivational_speech,motivational,25.0,-18.5,passed,"पेस था मेरी लाइफ में।
दो डायरेक्शंस थे मेरे सामने।
उसके बाद 
हेलो दोस्तों, मेरा नाम निमिषा बंसल है।
मैं एक टीचर, यस, इस बात को मैं बहुत प्राउडली बोलती हूं।
मैं एक टीचर और एक एजुकेटर हूं।
अब तक मैं लाखों बच्चों को ऑनलाइन और ऑफलाइन पढ़ा चुकी हूं।
आई थिंक आप में से बहुत सारे लोग मुझे जानते होंगे।
मैं एक ऐसे प्रोफेशन में हूं जहां पर मैं"
hi_03_seg002,hindi,hi-IN,Josh Talks Hindi,motivational_speech,excited,25.0,-21.2,passed,"मैं रोज बहुत सारे लोगों से इंटरेक्ट करती हूं।
लेकिन जब मैं अपने स्कूल डेज में वापस जाती हूं तो मुझे याद आती है वो निमिषा जो बहुत डरी-डरी रहती थी।
जो बहुत ही ज्यादा इंट्रोवर्ट थी।
उसकी एक वजह थी।
उसकी वजह थी कि मैं बहुत मोटी थी।
वो कुछ बच्चे होते हैं ना जो चाहे कितने भी पढ़ाई में कितने भी अच्छे हो बट सोसाइटी उनको उनके वजन पे उनके रंग पे जज करती है।"
hi_03_seg003,hindi,hi-IN,Josh Talks Hindi,motivational_speech,questioning,25.0,-21.6,passed,"मैं भी उन्हीं में से एक थी।
आई थिंक आप में से भी बहुत सारे लोगों के साथ ऐसा हुआ होगा।
तो आज मैं अपनी इस कहानी के जरिए आपको बताना चाहूंगी कि मैंने उस डर को कैसे खत्म किया और अपनी पर्सनालिटी को कैसे डेवलप किया।
तो मेरी कहानी शुरू होती है मथुरा जैसे एक छोटे शहर से।
मेरा जन्म एक जॉइंट फैमिली में हुआ जहां पर लोग बहुत ज्यादा होते हैं, रिसोर्सेज बहुत कम होते हैं।
बचपन से ही मैं एक"
